PROCESSO_1;Processo_2;N2_id;N2;N3_id;N3
Atendimento;Falha Operacional;1;ATENDIMENTO;1;BAD CALL
Atendimento;Falha Operacional;1;ATENDIMENTO;2;LIGACAO MUDA/ COM RUIDO
Atendimento;Falha Operacional;1;ATENDIMENTO;3;QUEDA DE LIGACAO
Atendimento;Falha Operacional;1;ATENDIMENTO;4;SISTEMA INOPERANTE
Atendimento;Falha Operacional;2;CONTEUDO;5;CRACKLE
Atendimento;Falha Operacional;3;NAO FAZ E NAO RECEBE LIGACAO;6;PROBLEMA REDE/COBERTURA
Atendimento;Falha Operacional;4;NAO FUNCIONAMENTO CLIR/IDENTIFICADOR DE CHAMADAS;7;PROBLEMA REDE/COBERTURA
Atendimento;Falha Operacional;5;QUEDA DE CHAMADA;8;PROBLEMA REDE/COBERTURA
Atendimento;Serviços Atendimento;1;ATENDIMENTO;9;FALAR COM OUVIDORIA
Atendimento;Serviços Atendimento;1;ATENDIMENTO;10;POSTURA DE ATENDIMENTO DO OPERADOR
Atendimento;Serviços Atendimento;1;ATENDIMENTO;11;POSTURA DE ATENDIMENTO DO TECNICO
Atendimento;Serviços Atendimento;1;ATENDIMENTO;12;PROTOCOLO DE ATENDIMENTO
Atendimento;Serviços Atendimento;6;RECARGA/SALDO;13;PONTOS DE VENDAS
CCC-Cobrança;Cobrança e Régua;7;CONTA;14;DEBITOS, COMUNICADO DE COBRANCA OU NEGATIVACAO
CCC-Cobrança;Cobrança e Régua;7;CONTA;15;NEGATIVADO INDEVIDAMENTE
CCC-Cobrança;Cobrança e Régua;7;CONTA;16;TERMO DE QUITACAO
CCC-Cobrança;Informe Pgto e Religa;7;CONTA;17;AVISO DE PAGAMENTO COM BLOQUEIO
CCC-Cobrança;Informe Pgto e Religa;7;CONTA;18;AVISO DE PAGAMENTO COM BLOQUEIO INDEVIDO
CCC-Cobrança;Informe Pgto e Religa;7;CONTA;19;AVISO DE PAGAMENTO FORA DO PRAZO
CCC-Cobrança;Informe Pgto e Religa;7;CONTA;20;AVISO DE PAGAMENTO PARA ENTRADA DE PARCELAMENTO
CCC-Cobrança;Informe Pgto e Religa;7;CONTA;21;AVISO DE PAGAMENTO SEM BLOQUEIO
CCC-Cobrança;Parcelamento;7;CONTA;22;NAO RECEBEU ENTRADA PARCELAMENTO
CCC-Cobrança;Parcelamento;7;CONTA;23;PARCELAMENTO
CCC-Cobrança;Parcelamento;7;CONTA;24;PARCELAMENTO - CANCELAR OU ANTECIPAR
CCC-Cobrança;Parcelamento;7;CONTA;25;PARCELAMENTO - NAO PAGOU ENTRADA
CCC-Cobrança;Parcelamento;7;CONTA;26;PARCELAMENTO - PROPOSTA ESCRITORIO DE COBRANCA
CCC-Cobrança;Parcelamento;8;CONTESTACAO PROCEDENTE;27;PARCELAMENTO
CCC-Conta;Cadastro e Alterações;9;CADASTRO;28;ALTERACAO ENDERECO DE COBRANCA
CCC-Conta;Cadastro e Alterações;9;CADASTRO;29;ALTERACAO ENDERECO DE COBRANCA NAO REALIZADA/ SOLICITADA
CCC-Conta;Cadastro e Alterações;9;CADASTRO;30;CORRECAO CADASTRAL (NOME, CPF, ENDERECO, CEP, CONTATOS)
CCC-Conta;Cadastro e Alterações;9;CADASTRO;31;CORRECAO CADASTRAL (NOME, CPF, ENDERECO, CEP, CONTATOS) NAO REALIZADA/SOLICITADA
CCC-Conta;Cadastro e Alterações;9;CADASTRO;32;DIVERGENCIA CADASTRAL (FRAUDE)
CCC-Conta;Cadastro e Alterações;7;CONTA;33;ALTERACAO DE VENCIMENTO
CCC-Conta;Cadastro e Alterações;7;CONTA;34;ALTERACAO DE VENCIMENTO NAO REALIZADA
CCC-Conta;Cadastro e Alterações;7;CONTA;35;ALTERAR MEIO DE PAGAMENTO
CCC-Conta;Cadastro e Alterações;7;CONTA;36;DEBITO AUTOMATICO - CADASTRO
CCC-Conta;Cadastro e Alterações;7;CONTA;37;DEBITO AUTOMATICO - CANCELAMENTO
CCC-Conta;Cadastro e Alterações;7;CONTA;38;DEBITO AUTOMATICO NAO EXECUTADO PELO BANCO
CCC-Conta;Cadastro e Alterações;7;CONTA;39;DESAGRUPAMENTO DE CONTA
CCC-Conta;Cadastro e Alterações;7;CONTA;40;DETALHAMENTO DE CONTA
CCC-Conta;Cadastro e Alterações;7;CONTA;41;DETALHAMENTO DE CONTA NAO RECEBIDO
CCC-Conta;Cadastro e Alterações;7;CONTA;42;OI CONTA DIGITAL
CCC-Conta;Cadastro e Alterações;7;CONTA;43;OI CONTA DIGITAL NAO SOLICITADO
CCC-Conta;Cadastro e Alterações;7;CONTA;44;PRORROGACAO DE VENCIMENTO
CCC-Conta;Cadastro e Alterações;7;CONTA;45;PRORROGACAO DE VENCIMENTO NAO REALIZADA
CCC-Conta;Cadastro e Alterações;7;CONTA;46;TROCA DE CARTAO DE CREDITO
CCC-Conta;Cadastro e Alterações;6;RECARGA/SALDO;47;SOBRE RECARGA VIRTUAL
CCC-Conta;Dados pgto e 2 via;7;CONTA;48;AGLUTINACAO DE CONTAS
CCC-Conta;Dados pgto e 2 via;7;CONTA;49;AGRUPAMENTO DE CONTAS
CCC-Conta;Dados pgto e 2 via;7;CONTA;50;CODIGO DE BARRAS NAO CONSEGUE PAGAR
CCC-Conta;Dados pgto e 2 via;7;CONTA;51;CODIGO DE BARRAS PARA PAGAMENTO
CCC-Conta;Dados pgto e 2 via;7;CONTA;52;CONTA SEM PAPEL
CCC-Conta;Dados pgto e 2 via;7;CONTA;53;CONTA SEM PAPEL NAO SOLICITADO
CCC-Conta;Dados pgto e 2 via;7;CONTA;54;DATA DE VENCIMENTO
CCC-Conta;Dados pgto e 2 via;7;CONTA;55;INFORMACOES SOBRE VALOR E VENCIMENTO
CCC-Conta;Dados pgto e 2 via;7;CONTA;56;LOCAIS PARA PAGAMENTO
CCC-Conta;Dados pgto e 2 via;7;CONTA;57;NAO RECEBEU PRIMEIRA VIA/ CONTA ORIGINAL
CCC-Conta;Dados pgto e 2 via;7;CONTA;58;NAO RECEBEU SEGUNDA VIA
CCC-Conta;Dados pgto e 2 via;7;CONTA;59;PAGAMENTO EM LOTERICA
CCC-Conta;Dados pgto e 2 via;7;CONTA;60;TERMO DE QUITACAO NAO RECEBIDO
CCC-Conta;Dados pgto e 2 via;7;CONTA;61;VALOR DA FATURA
CCC-Conta;Dados pgto e 2 via;10;MINHA OI/APLICATIVO;62;PDF DA CONTA INDISPONIVEL/ DISPONIVEL SEM CODIGO DE BARRAS
CCC-Contestação;Contestacao Improcedente;11;CONTESTACAO;63;REAJUSTE DE TARIFAS
CCC-Contestação;Contestacao Improcedente;8;CONTESTACAO PROCEDENTE;64;COBRANCA DE PACOTES A LA CARTE
CCC-Contestação;Contestacao Improcedente;8;CONTESTACAO PROCEDENTE;65;NAO RECEBIMENTO BONUS VOZ TOTAL
CCC-Contestação;Contestacao Improcedente;12;ENTENDIMENTO DE VALOR COBRADO/ CONTESTACAO IMPROCEDENTE;66;COBRANCA DE CHAMADA (LOCAL/LDN/LDI)
CCC-Contestação;Contestacao Improcedente;12;ENTENDIMENTO DE VALOR COBRADO/ CONTESTACAO IMPROCEDENTE;67;COBRANCA DE PACOTES A LA CARTE
CCC-Contestação;Contestacao Improcedente;12;ENTENDIMENTO DE VALOR COBRADO/ CONTESTACAO IMPROCEDENTE;68;COBRANCA DE PRO-RATA APOS ALTERACAO DE VENCIMENTO
CCC-Contestação;Contestacao Improcedente;12;ENTENDIMENTO DE VALOR COBRADO/ CONTESTACAO IMPROCEDENTE;69;COBRANCA DE PRO-RATA APOS AQUISICAO
CCC-Contestação;Contestacao Improcedente;12;ENTENDIMENTO DE VALOR COBRADO/ CONTESTACAO IMPROCEDENTE;70;COBRANCA DE PRO-RATA APOS MIGRACAO
CCC-Contestação;Contestacao Improcedente;12;ENTENDIMENTO DE VALOR COBRADO/ CONTESTACAO IMPROCEDENTE;71;COBRANCA DE SMS/ MMS
CCC-Contestação;Contestacao Improcedente;12;ENTENDIMENTO DE VALOR COBRADO/ CONTESTACAO IMPROCEDENTE;72;COBRANCA PRO-RATA APOS O CANCELAMENTO
CCC-Contestação;Contestacao Improcedente;12;ENTENDIMENTO DE VALOR COBRADO/ CONTESTACAO IMPROCEDENTE;73;FATURA GERADA ANTES DA MIGRACAO
CCC-Contestação;Contestacao Improcedente;12;ENTENDIMENTO DE VALOR COBRADO/ CONTESTACAO IMPROCEDENTE;74;NAO RECEBIMENTO BONUS VOZ TOTAL
CCC-Contestação;Contestacao Improcedente;12;ENTENDIMENTO DE VALOR COBRADO/ CONTESTACAO IMPROCEDENTE;75;REAJUSTE DE PACOTE
CCC-Contestação;Contestacao Improcedente;12;ENTENDIMENTO DE VALOR COBRADO/ CONTESTACAO IMPROCEDENTE;76;REAJUSTE DE PACOTE/SERVICOS/TARIFAS (ASSINATURA E FRANQUIA)
CCC-Contestação;Contestacao Improcedente;12;ENTENDIMENTO DE VALOR COBRADO/ CONTESTACAO IMPROCEDENTE;77;REAJUSTE DE SERVICO
CCC-Contestação;Contestacao Improcedente;12;ENTENDIMENTO DE VALOR COBRADO/ CONTESTACAO IMPROCEDENTE;78;REAJUSTE DE TARIFAS
CCC-Contestação;Contestacao Improcedente;12;ENTENDIMENTO DE VALOR COBRADO/ CONTESTACAO IMPROCEDENTE;79;REAJUSTE DE TARIFAS (ASSINATURA/FRANQUIA)
CCC-Contestação;Contestacao Improcedente;12;ENTENDIMENTO DE VALOR COBRADO/ CONTESTACAO IMPROCEDENTE;80;RECEBIMENTO DE FATURAS NO MESMO MES
CCC-Contestação;Contestacao Improcedente;12;ENTENDIMENTO DE VALOR COBRADO/ CONTESTACAO IMPROCEDENTE;81;TAXAS
CCC-Contestação;Contestação Procedente;7;CONTA;82;CONTESTACAO
CCC-Contestação;Contestação Procedente;7;CONTA;83;NAO RECEBEU CONTA AJUSTADA
CCC-Contestação;Contestação Procedente;8;CONTESTACAO PROCEDENTE;84;BLOQUEIO A PEDIDO/ SUSPENSAO TEMPORARIA
CCC-Contestação;Contestação Procedente;8;CONTESTACAO PROCEDENTE;85;COBRANCA ANTES DA INSTALACAO/ ATIVACAO
CCC-Contestação;Contestação Procedente;8;CONTESTACAO PROCEDENTE;86;COBRANCA APOS CANCELAMENTO
CCC-Contestação;Contestação Procedente;8;CONTESTACAO PROCEDENTE;87;COBRANCA DE ALUGUEL DE MODEM
CCC-Contestação;Contestação Procedente;8;CONTESTACAO PROCEDENTE;88;COBRANCA DE ASSINATURA EM DUPLICIDADE
CCC-Contestação;Contestação Procedente;8;CONTESTACAO PROCEDENTE;89;COBRANCA DE DADOS/PACOTE DE DADOS
CCC-Contestação;Contestação Procedente;8;CONTESTACAO PROCEDENTE;90;COBRANCA DE DEPENDENTE
CCC-Contestação;Contestação Procedente;8;CONTESTACAO PROCEDENTE;91;COBRANCA DE ENCARGOS DE ATRASO DE PAGAMENTO
CCC-Contestação;Contestação Procedente;8;CONTESTACAO PROCEDENTE;92;COBRANCA DE MULTA FIDELIZACAO
CCC-Contestação;Contestação Procedente;8;CONTESTACAO PROCEDENTE;93;COBRANCA DE ROAMING INTERNACIONAL (CHAMADA/DADOS)
CCC-Contestação;Contestação Procedente;8;CONTESTACAO PROCEDENTE;94;COBRANCA DE SERVICO DE TERCEIROS
CCC-Contestação;Contestação Procedente;8;CONTESTACAO PROCEDENTE;95;COBRANCA DE SERVICOS DE NOTICIAS, JOGOS E MUSICA
CCC-Contestação;Contestação Procedente;8;CONTESTACAO PROCEDENTE;96;COBRANCA DE SERVICOS DIGITAIS
CCC-Contestação;Contestação Procedente;8;CONTESTACAO PROCEDENTE;97;COBRANCA DE SMS/ MMS/ PACOTE
CCC-Contestação;Contestação Procedente;8;CONTESTACAO PROCEDENTE;98;COBRANCA DE SVA
CCC-Contestação;Contestação Procedente;8;CONTESTACAO PROCEDENTE;99;COBRANCA DO VOZ TOTAL
CCC-Contestação;Contestação Procedente;8;CONTESTACAO PROCEDENTE;100;COBRANCA FORA DA OFERTA/FRANQUIA
CCC-Contestação;Contestação Procedente;8;CONTESTACAO PROCEDENTE;101;COBRANCA PAY PER VIEW (FILMES,JOGOS E LUTA AVULSOS)
CCC-Contestação;Contestação Procedente;8;CONTESTACAO PROCEDENTE;102;CREDITO POR INTERRUPCAO
CCC-Contestação;Contestação Procedente;8;CONTESTACAO PROCEDENTE;103;FALHA NA VENDA (VALOR COBRADO DIFERENTE DO CONTRATADO)
CCC-Contestação;Contestação Procedente;8;CONTESTACAO PROCEDENTE;104;MUDANCA DE ENDERECO NAO EXECUTADA
CCC-Contestação;Contestação Procedente;8;CONTESTACAO PROCEDENTE;105;NAO RECEBEU RECARGA
CCC-Contestação;Contestação Procedente;8;CONTESTACAO PROCEDENTE;106;NAO RECONHECE CHAMADA (LOCAL/LDN/LDI)
CCC-Contestação;Contestação Procedente;8;CONTESTACAO PROCEDENTE;107;NAO RECONHECE CREDITO ESPECIAL
CCC-Contestação;Contestação Procedente;8;CONTESTACAO PROCEDENTE;108;NAO UTILIZOU O BONUS
CCC-Contestação;Contestação Procedente;8;CONTESTACAO PROCEDENTE;109;NAO UTILIZOU O CAIXA POSTAL
CCC-Contestação;Contestação Procedente;8;CONTESTACAO PROCEDENTE;110;PAGAMENTO EM DUPLICIDADE
CCC-Contestação;Contestação Procedente;8;CONTESTACAO PROCEDENTE;111;PAGOU FATURA DE TERCEIROS
CCC-Contestação;Contestação Procedente;8;CONTESTACAO PROCEDENTE;112;PERDA DE OFERTA/ CAMPANHA/ DESCONTO
CCC-Contestação;Contestação Procedente;8;CONTESTACAO PROCEDENTE;113;PORTABILIDADE NAO EXECUTADA/EXECUTADA COM ATRASO
CCC-Contestação;Contestação Procedente;8;CONTESTACAO PROCEDENTE;114;RESULTADO DA CONTESTACAO
CCC-Contestação;Contestação Procedente;8;CONTESTACAO PROCEDENTE;115;VALOR DA RECARGA ACIMA DO DESEJADO
CCC-Contestação;Contestação Procedente;8;CONTESTACAO PROCEDENTE;116;VENDA INDEVIDA - NAO SOLICITOU SERVICO/PRODUTO
CCC-Contestação;Contestação Procedente;12;ENTENDIMENTO DE VALOR COBRADO/ CONTESTACAO IMPROCEDENTE;117;BLOQUEIO A PEDIDO/ SUSPENSAO TEMPORARIA
CCC-Contestação;Contestação Procedente;12;ENTENDIMENTO DE VALOR COBRADO/ CONTESTACAO IMPROCEDENTE;118;COBRANCA DE DADOS/PACOTE DE DADOS
CCC-Contestação;Contestação Procedente;12;ENTENDIMENTO DE VALOR COBRADO/ CONTESTACAO IMPROCEDENTE;119;COBRANCA DE DEPENDENTE
CCC-Contestação;Contestação Procedente;12;ENTENDIMENTO DE VALOR COBRADO/ CONTESTACAO IMPROCEDENTE;120;COBRANCA DE ENCARGOS DE ATRASO DE PAGAMENTO
CCC-Contestação;Contestação Procedente;12;ENTENDIMENTO DE VALOR COBRADO/ CONTESTACAO IMPROCEDENTE;121;COBRANCA DE MULTA FIDELIZACAO
CCC-Contestação;Contestação Procedente;12;ENTENDIMENTO DE VALOR COBRADO/ CONTESTACAO IMPROCEDENTE;122;COBRANCA DE ROAMING INTERNACIONAL (CHAMADA/DADOS)
CCC-Contestação;Contestação Procedente;12;ENTENDIMENTO DE VALOR COBRADO/ CONTESTACAO IMPROCEDENTE;123;COBRANCA DE SERVICO DE TERCEIROS
CCC-Contestação;Contestação Procedente;12;ENTENDIMENTO DE VALOR COBRADO/ CONTESTACAO IMPROCEDENTE;124;COBRANCA DE SERVICOS DE NOTICIAS, JOGOS E MUSICA
CCC-Contestação;Contestação Procedente;12;ENTENDIMENTO DE VALOR COBRADO/ CONTESTACAO IMPROCEDENTE;125;COBRANCA DE SERVICOS DIGITAIS
CCC-Contestação;Contestação Procedente;12;ENTENDIMENTO DE VALOR COBRADO/ CONTESTACAO IMPROCEDENTE;126;COBRANCA DE SVA
CCC-Contestação;Contestação Procedente;12;ENTENDIMENTO DE VALOR COBRADO/ CONTESTACAO IMPROCEDENTE;127;COBRANCA DO VOZ TOTAL
CCC-Contestação;Contestação Procedente;12;ENTENDIMENTO DE VALOR COBRADO/ CONTESTACAO IMPROCEDENTE;128;COBRANCA FORA DA OFERTA/FRANQUIA
CCC-Contestação;Contestação Procedente;12;ENTENDIMENTO DE VALOR COBRADO/ CONTESTACAO IMPROCEDENTE;129;COBRANCA PAY PER VIEW (FILMES,JOGOS E LUTA AVULSOS)
CCC-Contestação;Contestação Procedente;12;ENTENDIMENTO DE VALOR COBRADO/ CONTESTACAO IMPROCEDENTE;130;CREDITO POR INTERRUPCAO
CCC-Contestação;Contestação Procedente;12;ENTENDIMENTO DE VALOR COBRADO/ CONTESTACAO IMPROCEDENTE;131;PERDA DE OFERTA/ CAMPANHA/ DESCONTO
CCC-Contestação;Contestação Procedente;12;ENTENDIMENTO DE VALOR COBRADO/ CONTESTACAO IMPROCEDENTE;132;RETIRADA DE DESCONTO DUPLICADO
CCC-Contestação;Contestação Procedente;13;SERVICOS;133;BLOQUEIO A PEDIDO/ SUSPENSAO TEMPORARIA
Planos/Servicos;Cancelamento;14;CANCELAMENTO;134;CANCELAMENTO NAO SOLICITADO/ INDEVIDO
Planos/Servicos;Cancelamento;14;CANCELAMENTO;135;CANCELAR O PRODUTO/ PLANO
Planos/Servicos;Cancelamento;14;CANCELAMENTO;136;COMO SOLICITAR CANCELAMENTO PRODUTO/ PLANO
Planos/Servicos;Cancelamento;14;CANCELAMENTO;137;NAO EXECUTADO E DENTRO DO PRAZO
Planos/Servicos;Cancelamento;14;CANCELAMENTO;138;NAO EXECUTADO E FORA DO PRAZO
Planos/Servicos;Info Plano / Migração;12;ENTENDIMENTO DE VALOR COBRADO/ CONTESTACAO IMPROCEDENTE;139;DESCONTO NA ASSINATTURA DO PLANO
Planos/Servicos;Info Plano / Migração;15;PLANOS, OFERTAS E PRODUTOS;140;ALTERACAO DE PLANO/OFERTA NAO REALIZADA
Planos/Servicos;Info Plano / Migração;15;PLANOS, OFERTAS E PRODUTOS;141;BENEFICIOS DO PLANO/OFERTA CADASTRADOS
Planos/Servicos;Info Plano / Migração;15;PLANOS, OFERTAS E PRODUTOS;142;MIGRAR DOWNGRADE
Planos/Servicos;Info Plano / Migração;15;PLANOS, OFERTAS E PRODUTOS;143;MIGRAR PARA OFERTA DE ADESAO
Planos/Servicos;Info Plano / Migração;15;PLANOS, OFERTAS E PRODUTOS;144;MIGRAR UPGRADE
Planos/Servicos;Info Plano / Migração;15;PLANOS, OFERTAS E PRODUTOS;145;NAO CONSEGUE ADERIR OFERTA
Planos/Servicos;Info Plano / Migração;15;PLANOS, OFERTAS E PRODUTOS;146;OFERTAS VIGENTES PARA ADESAO
Planos/Servicos;Info Plano / Migração;15;PLANOS, OFERTAS E PRODUTOS;147;STATUS DE CONSULTA DE PEDIDO DO PLANO - EMPRESARIAL
Planos/Servicos;Info Plano / Migração;15;PLANOS, OFERTAS E PRODUTOS;148;VALIDADE DA OFERTA
Planos/Servicos;Info Plano / Migração;15;PLANOS, OFERTAS E PRODUTOS;149;VALOR DO PLANO
Planos/Servicos;Recarga;6;RECARGA/SALDO;150;ADESAO A RECARGA EVENTUAL
Planos/Servicos;Recarga;6;RECARGA/SALDO;151;ADESAO A RECARGA VOZ TOTAL
Planos/Servicos;Recarga;6;RECARGA/SALDO;152;ADESAO A RECARGA VOZ TOTAL NAO REALIZADA
Planos/Servicos;Recarga;6;RECARGA/SALDO;153;ALEGA NAO RECEBIMENTO DE CREDITO/BONUS
Planos/Servicos;Recarga;6;RECARGA/SALDO;154;ALTERACAO DA RECARGA VOZ TOTAL
Planos/Servicos;Recarga;6;RECARGA/SALDO;155;ALTERACAO DA RECARGA VOZ TOTAL NAO SOLICITADA
Planos/Servicos;Recarga;6;RECARGA/SALDO;156;BLOQUEIO/DESBLOQUEIO DA RECARGA EVENTUAL
Planos/Servicos;Recarga;6;RECARGA/SALDO;157;CANCELAMENTO DA RECARGA VOZ TOTAL
Planos/Servicos;Recarga;6;RECARGA/SALDO;158;CANCELAMENTO DA RECARGA VOZ TOTAL NAO REALIZADA
Planos/Servicos;Recarga;6;RECARGA/SALDO;159;SOBRE CARTAO DE REGARGA
Planos/Servicos;Recarga;6;RECARGA/SALDO;160;SOBRE CREDITO ESPECIAL
Planos/Servicos;Recarga;6;RECARGA/SALDO;161;SOBRE CUPOM DE RECARGA
Planos/Servicos;Recarga;6;RECARGA/SALDO;162;SOBRE RECARGA BANCARIA
Planos/Servicos;Recarga;6;RECARGA/SALDO;163;SOBRE RECARGA COM CARTAO DE CREDITO
Planos/Servicos;Recarga;6;RECARGA/SALDO;164;SOBRE RECARGA EVENTUAL
Planos/Servicos;Recarga;6;RECARGA/SALDO;165;SOBRE RECARGA ONLINE
Planos/Servicos;Recarga;6;RECARGA/SALDO;166;SOBRE RECARGA VIA *
Planos/Servicos;Recarga;6;RECARGA/SALDO;167;SOBRE RECARGA VIA APP
Planos/Servicos;Recarga;6;RECARGA/SALDO;168;SOBRE RECARGA VIA MENU OI
Planos/Servicos;Recarga;6;RECARGA/SALDO;169;SOBRE RECARGA VOZ TOTAL
Planos/Servicos;Serviços;1;ATENDIMENTO;170;RESTRICAO MAILING DE TELEMARKETING
Planos/Servicos;Serviços;9;CADASTRO;171;1º CADASTRO
Planos/Servicos;Serviços;9;CADASTRO;172;ALTERACAO DE CATEGORIA
Planos/Servicos;Serviços;9;CADASTRO;173;FIGURACAO EM LISTA
Planos/Servicos;Serviços;9;CADASTRO;174;FIGURACAO EM LISTA NAO REALIZADA/SOLICITADA
Planos/Servicos;Serviços;9;CADASTRO;175;TRANSFERENCIA DE TITULARIDADE
Planos/Servicos;Serviços;9;CADASTRO;176;TRANSFERENCIA DE TITULARIDADE NAO REALIZADA/SOLICITADA
Planos/Servicos;Serviços;2;CONTEUDO;177;HBO GO
Planos/Servicos;Serviços;10;MINHA OI/APLICATIVO;178;DUVIDAS NO USO DO MINHA OI OU APLICATIVO
Planos/Servicos;Serviços;10;MINHA OI/APLICATIVO;179;MINHA OI OU APLICATIVO INDISPONIVEL
Planos/Servicos;Serviços;10;MINHA OI/APLICATIVO;180;NAO CONSEGUE CRIAR ACESSO
Planos/Servicos;Serviços;10;MINHA OI/APLICATIVO;181;NAO CONSEGUE EXECUTAR SERVICO
Planos/Servicos;Serviços;10;MINHA OI/APLICATIVO;182;PRODUTO NAO APARECE NO MENU
Planos/Servicos;Serviços;10;MINHA OI/APLICATIVO;183;RESGATE OU TROCA DE SENHA
Planos/Servicos;Serviços;17;MUDANCA DE ENDERECO;184;COMO SOLICITAR MUDANCA DE ENDERECO
Planos/Servicos;Serviços;17;MUDANCA DE ENDERECO;185;DESISTIU DA MUDANCA DE ENDERECO
Planos/Servicos;Serviços;17;MUDANCA DE ENDERECO;186;MUDANCA DE ENDERECO
Planos/Servicos;Serviços;15;PLANOS, OFERTAS E PRODUTOS;187;BLOQUEIO DOS CANAIS BAND/RECORD E REDE TV
Planos/Servicos;Serviços;15;PLANOS, OFERTAS E PRODUTOS;188;CONVERSAO DE BENEFICIOS - DUVIDAS NA MINHA OI
Planos/Servicos;Serviços;15;PLANOS, OFERTAS E PRODUTOS;189;CONVERSAO DE BENEFICIOS - ERRO
Planos/Servicos;Serviços;15;PLANOS, OFERTAS E PRODUTOS;190;CONVERSAO DE BENEFICIOS - REGRAS
Planos/Servicos;Serviços;15;PLANOS, OFERTAS E PRODUTOS;191;PRAZO PARA RECEBER O BONUS
Planos/Servicos;Serviços;18;PORTABILIDADE;192;COMO REALIZAR PORTABILIDADE
Planos/Servicos;Serviços;18;PORTABILIDADE;193;OI COMO DOADORA
Planos/Servicos;Serviços;18;PORTABILIDADE;194;OI COMO RECEPTORA
Planos/Servicos;Serviços;18;PORTABILIDADE;195;PORTABILIDADE NAO EXECUTADA
Planos/Servicos;Serviços;18;PORTABILIDADE;196;PORTABILIDADE NAO SOLICITADA
Planos/Servicos;Serviços;13;SERVICOS;197;BLOQUEIO/ DESBLOQUEIO - A PEDIDO OU ROUBO
Planos/Servicos;Serviços;13;SERVICOS;198;BLOQUEIO/ DESBLOQUEIO DE CHAMADAS / A PEDIDO OU ROUBO
Planos/Servicos;Serviços;13;SERVICOS;199;BLOQUEIO/ DESBLOQUEIO DE CHAMADAS / A PEDIDO OU ROUBO NAO REALIZADO
Planos/Servicos;Serviços;13;SERVICOS;200;BLOQUEIO/ DESBLOQUEIO DE CHAMADAS /LINHA
Planos/Servicos;Serviços;13;SERVICOS;201;BLOQUEIO/ DESBLOQUEIO DE CHAMADAS/ LINHA NAO REALIZADO
Planos/Servicos;Serviços;13;SERVICOS;202;BLOQUEIO/PERDA/ROUBO/ FURTO/DESBLOQUEIO - A PEDIDO OU ROUBO
Planos/Servicos;Serviços;13;SERVICOS;203;BUSCA AUTOMATICA
Planos/Servicos;Serviços;13;SERVICOS;204;BUSCA AUTOMATICA NAO REALIZADO
Planos/Servicos;Serviços;13;SERVICOS;205;CHAMADA EM ESPERA (CHAESP) / CONSULTA TRANSFERENCIA (CONSTR)
Planos/Servicos;Serviços;13;SERVICOS;206;COMO REALIZAR CHAMADA
Planos/Servicos;Serviços;13;SERVICOS;207;DESBLOQUEIO DDD/DDI
Planos/Servicos;Serviços;13;SERVICOS;208;DESBLOQUEIO DDD/DDI NAO REALIZADO
Planos/Servicos;Serviços;13;SERVICOS;209;DETALHAMENTO DE CHAMADAS
Planos/Servicos;Serviços;13;SERVICOS;210;IDTC (IDENTIFICADOR DE CHAMADAS)
Planos/Servicos;Serviços;13;SERVICOS;211;IMEI DE APARELHOS BLOQUEADOS
Planos/Servicos;Serviços;13;SERVICOS;212;INCLUSAO/ EXCLUSAO DE DEPENDENTE
Planos/Servicos;Serviços;13;SERVICOS;213;INCLUSAO/ EXCLUSAO DE PACOTES
Planos/Servicos;Serviços;13;SERVICOS;214;OI FILMES
Planos/Servicos;Serviços;13;SERVICOS;215;OI PLAY
Planos/Servicos;Serviços;13;SERVICOS;216;OI PLAY BANDA LARGA
Planos/Servicos;Serviços;13;SERVICOS;217;OI PONTOS
Planos/Servicos;Serviços;13;SERVICOS;218;OI WIFI FON
Planos/Servicos;Serviços;13;SERVICOS;219;PENVR
Planos/Servicos;Serviços;13;SERVICOS;220;PIN/PUK
Planos/Servicos;Serviços;13;SERVICOS;221;PONTO ADICIONAL
Planos/Servicos;Serviços;13;SERVICOS;222;REMANEJAMENTO DE PONTO/ANTENA
Planos/Servicos;Serviços;13;SERVICOS;223;RESGATE DE GRAVACAO
Planos/Servicos;Serviços;13;SERVICOS;224;ROAMING INTERNACIONAL
Planos/Servicos;Serviços;13;SERVICOS;225;ROAMING NACIONAL
Planos/Servicos;Serviços;13;SERVICOS;226;SERVICO OI SUPORTE
Planos/Servicos;Serviços;13;SERVICOS;227;SERVICOS ADICIONAIS
Planos/Servicos;Serviços;13;SERVICOS;228;SERVICOS DE NOTICIAS, JOGOS E MUSICA
Planos/Servicos;Serviços;13;SERVICOS;229;SOLICITACAO DE COPIA DO CONTRATO
Planos/Servicos;Serviços;13;SERVICOS;230;SUBSTITUICAO/TROCA DE NUMERO
Planos/Servicos;Serviços;13;SERVICOS;231;SUBSTITUICAO/TROCA DE NUMERO NAO REALIZADO
Planos/Servicos;Serviços;13;SERVICOS;232;SUBSTITUICAO/TROCA DE NUMERO NAO SOLCITADO/DESISTENCIA
Planos/Servicos;Serviços;13;SERVICOS;233;SUSPENSAO / RETIRADA DE SUSPENSAO TEMPORARIA
Planos/Servicos;Serviços;13;SERVICOS;234;SUSPENSAO/ RETIRADA DE SUSPENSAO TEMPORARIA
Planos/Servicos;Serviços;13;SERVICOS;235;VOD/FILMES/OI PLAY
Tecnico;Instalação;20;INSTALACAO/ATIVACAO;236;COMO SOLICITAR REINSTALACAO
Tecnico;Instalação;20;INSTALACAO/ATIVACAO;237;DESISTIU DA INSTALACAO/REINSTALACAO
Tecnico;Instalação;20;INSTALACAO/ATIVACAO;238;REINSTALACAO
Tecnico;Reparo;1;ATENDIMENTO;239;DIFICULDADE DE ACESSO
Tecnico;Reparo;21;AUSENCIA DE SINAL;240;INSUCESSO NA CONFIGURACAO DO SATELITE
Tecnico;Reparo;22;BLOQUEIO DE CANAL;241;TV OK - REALIZADO RESET DA SENHA
Tecnico;Reparo;23;CANAL NAO CONTRATADO;242;CLIENTE ORIENTADO - CANAIS NAO FAZEM PARTE DO PACOTE
Tecnico;Reparo;24;COBERTURA/VIABILIDADE;243;CONSULTA DE AREA DE COBERTURA
Tecnico;Reparo;24;COBERTURA/VIABILIDADE;244;CONSULTA DE VIABILIDADE DO VELOX
Tecnico;Reparo;20;INSTALACAO/ATIVACAO;245;ACOMPANHAMENTO DE PEDIDO DE MODEM
Tecnico;Reparo;20;INSTALACAO/ATIVACAO;246;CHIP COM DEFEITO/SUBSTITUICAO DE CHIP
Tecnico;Reparo;20;INSTALACAO/ATIVACAO;247;CHIP JA ATIVO/SUBSTITUICAO DE CHIP
Tecnico;Reparo;20;INSTALACAO/ATIVACAO;248;INCLUSAO DE LINHA NO PLANO
Tecnico;Reparo;20;INSTALACAO/ATIVACAO;249;MINI MODEM COM DEFEITO/SUBSTITUICAO DE MINI MODEM
Tecnico;Reparo;20;INSTALACAO/ATIVACAO;250;NAO REALIZADA CONFORME SOLICITADO
Tecnico;Reparo;20;INSTALACAO/ATIVACAO;251;REALIZAR ATIVACAO
Tecnico;Reparo;20;INSTALACAO/ATIVACAO;252;RESGATE DE LINHA
Tecnico;Reparo;26;LENTIDAO;253;CLIENTE ORIENTADO - BLOQUEIO DEVIDO (CONTA EM ATRASO)
Tecnico;Reparo;27;LINHA CRUZADA / RUIDOS / INTERFERENCIA /PAR TROCADO;254;RUIDO PERMANECE APOS CHECK LIST
Tecnico;Reparo;28;MA QUALIDADE DA CHAMADA;255;DIAGNOSTICO NAO IDENTIFICADO
Tecnico;Reparo;29;NAO CONECTA - DSL APAGADA;256;PARAMETRO NAO OK
Tecnico;Reparo;30;NAO ENVIA E NAO RECEBE SMS;257;DIAGNOSTICO NAO IDENTIFICADO
Tecnico;Reparo;3;NAO FAZ E NAO RECEBE LIGACAO;258;DIAGNOSTICO NAO IDENTIFICADO
Tecnico;Reparo;3;NAO FAZ E NAO RECEBE LIGACAO;259;DIVERGENCIA SISTEMICA
Tecnico;Reparo;4;NAO FUNCIONAMENTO CLIR/IDENTIFICADOR DE CHAMADAS;260;DIVERGENCIA SISTEMICA
Tecnico;Reparo;4;NAO FUNCIONAMENTO CLIR/IDENTIFICADOR DE CHAMADAS;261;EXISTE TT ABERTO PARA O MESMO MOTIVO
Tecnico;Reparo;5;QUEDA DE CHAMADA;262;DIAGNOSTICO NAO IDENTIFICADO
Tecnico;Reparo;34;QUEDAS CONSTANTES;263;FALHA DE AUTENTICACAO APOS RECONFIGURACAO DE MODEM
Tecnico;Reparo;34;QUEDAS CONSTANTES;264;PARAMETRO NAO OK
Tecnico;Reparo;35;REDE EXTERNA DANIFICADA;265;TELEFONE EM FUNCIONAMENTO
Tecnico;Reparo;36;REPARO;266;DESISTIU DO REPARO/ SERVICO FUNCIONANDO
Tecnico;Reparo;36;REPARO;267;MAU FUNCIONAMENTO - SERVICOS
Tecnico;Reparo;36;REPARO;268;MAU FUNCIONAMENTO - TV
Tecnico;Reparo;36;REPARO;269;MAU FUNCIONAMENTO - VELOX
Tecnico;Reparo;36;REPARO;270;MAU FUNCIONAMENTO - VOZ
Tecnico;Reparo;36;REPARO;271;MAU FUNCIONAMENTO - VOZ / DADOS
Tecnico;Reparo;36;REPARO;272;REPARO NAO REALIZADO
Tecnico;Reparo;36;REPARO;273;STATUS TT
Tecnico;Reparo;37;REPARO EM ANDAMENTO;274;COM AGENDAMENTO
Tecnico;Reparo;37;REPARO EM ANDAMENTO;275;SEM AGENDAMENTO
Tecnico;Reparo;37;REPARO EM ANDAMENTO;276;SIAC / INSAPOIO - DENTRO DO PRAZO
Tecnico;Reparo;38;SERVICOS INTELIGENTES NAO FUNCIONAM;277;DEFEITO PERMANECE APOS PROGRAMACAO NO APARELHO
Tecnico;Reparo;39;TELEFONE PUBLICO NAO FUNCIONA;278;TP NAO REALIZA CHAMADA DESEJADA PELO CLIENTE - CLIENTE INSISTE NA LIBERACAO
Tecnico;Reparo;40;VISITA TECNICA;279;QUESTIONA QUANDO TECNICO COMPARECERA
Tecnico;Reparo;40;VISITA TECNICA;280;TECNICO COMPARECEU MAS NAO EXECUTOU
Tecnico;Reparo;40;VISITA TECNICA;281;TECNICO NAO COMPARECEU